model,provider,prompt_type,temperature,prefix,run_used,n_runs_available,f1,precision,recall,accuracy,consistency_all_runs,mean_cohen_kappa,fleiss_kappa
haiku_4_5,Anthropic,default,0.0,haiku_4_5__default__t0,haiku_4_5__default__t0__r1,3,0.8831168831168831,0.9144254278728606,0.8538812785388128,0.901,0.998,0.9972419765650749,0.997241976565075
sonnet_4_5,Anthropic,default,0.0,sonnet_4_5__default__t0,sonnet_4_5__default__t0__r1,3,0.8408796895213454,0.9701492537313433,0.7420091324200914,0.877,0.994,0.9910300754809812,0.9910311711646174
mistral_large_2512,Mistral,default,0.0,mistral_large_2512__default__t0,mistral_large_2512__default__t0__run1,3,0.7914438502673797,0.9548387096774194,0.6757990867579908,0.844,0.987,0.9796926106549249,0.9796930421072584
gpt_5_2,OpenAI,default,0.0,gpt_5_2__default__t0,gpt_5_2__default__t0__run1,3,0.8937644341801386,0.9042056074766355,0.8835616438356164,0.908,0.986,0.9809308529844708,0.9809305527052282
gpt_5_mini,OpenAI,default,1.0,gpt_5_mini__default__t10,gpt_5_mini__default__t10__run1,3,0.8686390532544379,0.9017199017199017,0.8378995433789954,0.889,0.964,0.9502815312769605,0.9502798828262572
gpt_5_nano,OpenAI,default,1.0,gpt_5_nano__default__t10,gpt_5_nano__default__t10__run1,3,0.8574850299401198,0.9017632241813602,0.817351598173516,0.881,0.935,0.9092311495537485,0.9092279769615951
opus_4_6,Anthropic,default,0.0,opus_4__default__t0,opus_4__default__t0__r1,3,0.8851269649334945,0.9408740359897172,0.8356164383561644,0.905,1.0,1.0,1.0
